"LOCATION","INDICATOR","SUBJECT","MEASURE","FREQUENCY","TIME","Value","Flag Codes"
"AUS","HHSAV","TOT","PC_HHDI","A","2000",2.03915325866545,
"AUS","HHSAV","TOT","PC_HHDI","A","2001",3.32661201170925,
"AUS","HHSAV","TOT","PC_HHDI","A","2002",-0.998309922308163,
"AUS","HHSAV","TOT","PC_HHDI","A","2003",-0.069475172136251,
"AUS","HHSAV","TOT","PC_HHDI","A","2004",1.12037834629775,
"AUS","HHSAV","TOT","PC_HHDI","A","2005",0.320394700879719,
"AUS","HHSAV","TOT","PC_HHDI","A","2006",0.831589125150222,
"AUS","HHSAV","TOT","PC_HHDI","A","2007",2.52434961708647,
"AUS","HHSAV","TOT","PC_HHDI","A","2008",8.87187763509849,
"AUS","HHSAV","TOT","PC_HHDI","A","2009",6.82369166371379,
"AUS","HHSAV","TOT","PC_HHDI","A","2010",8.35196564481592,
"AUS","HHSAV","TOT","PC_HHDI","A","2011",8.83715380463631,
"AUS","HHSAV","TOT","PC_HHDI","A","2012",7.48221603921955,
"AUS","HHSAV","TOT","PC_HHDI","A","2013",7.86105374134392,
"AUS","HHSAV","TOT","PC_HHDI","A","2014",7.94706448222125,
"AUS","HHSAV","TOT","PC_HHDI","A","2015",5.96668684879826,
"AUS","HHSAV","TOT","PC_HHDI","A","2016",4.85161753846768,
"AUS","HHSAV","TOT","PC_HHDI","A","2017",3.50862441743141,
"AUT","HHSAV","TOT","PC_HHDI","A","2000",10.6323620101249,
"AUT","HHSAV","TOT","PC_HHDI","A","2001",9.02211155348111,
"AUT","HHSAV","TOT","PC_HHDI","A","2002",9.40017464120189,
"AUT","HHSAV","TOT","PC_HHDI","A","2003",9.64812925464156,
"AUT","HHSAV","TOT","PC_HHDI","A","2004",9.52426830502389,
"AUT","HHSAV","TOT","PC_HHDI","A","2005",11.13639539683,
"AUT","HHSAV","TOT","PC_HHDI","A","2006",11.6196364290299,
"AUT","HHSAV","TOT","PC_HHDI","A","2007",12.4123757309681,
"AUT","HHSAV","TOT","PC_HHDI","A","2008",12.3545290786405,
"AUT","HHSAV","TOT","PC_HHDI","A","2009",11.3985751349722,
"AUT","HHSAV","TOT","PC_HHDI","A","2010",9.59183079078251,
"AUT","HHSAV","TOT","PC_HHDI","A","2011",7.88123256906157,
"AUT","HHSAV","TOT","PC_HHDI","A","2012",8.86254800930253,
"AUT","HHSAV","TOT","PC_HHDI","A","2013",7.1132177811741,
"AUT","HHSAV","TOT","PC_HHDI","A","2014",7.29640193215769,
"AUT","HHSAV","TOT","PC_HHDI","A","2015",6.73666489091466,
"AUT","HHSAV","TOT","PC_HHDI","A","2016",7.69505833451046,
"AUT","HHSAV","TOT","PC_HHDI","A","2017",7.34799984665811,
"AUT","HHSAV","TOT","PC_HHDI","A","2018",7.68278975011525,
"BEL","HHSAV","TOT","PC_HHDI","A","2000",11.4500313948214,
"BEL","HHSAV","TOT","PC_HHDI","A","2001",12.8730581728916,
"BEL","HHSAV","TOT","PC_HHDI","A","2002",12.4527919501222,
"BEL","HHSAV","TOT","PC_HHDI","A","2003",11.7697100076919,
"BEL","HHSAV","TOT","PC_HHDI","A","2004",10.4816073186544,
"BEL","HHSAV","TOT","PC_HHDI","A","2005",10.184735710472,
"BEL","HHSAV","TOT","PC_HHDI","A","2006",10.8563264890247,
"BEL","HHSAV","TOT","PC_HHDI","A","2007",11.2380743262931,
"BEL","HHSAV","TOT","PC_HHDI","A","2008",11.8859658436826,
"BEL","HHSAV","TOT","PC_HHDI","A","2009",12.1672894977989,
"BEL","HHSAV","TOT","PC_HHDI","A","2010",9.25756707954232,
"BEL","HHSAV","TOT","PC_HHDI","A","2011",8.34967775438769,
"BEL","HHSAV","TOT","PC_HHDI","A","2012",7.86810855002538,
"BEL","HHSAV","TOT","PC_HHDI","A","2013",6.57913642488806,
"BEL","HHSAV","TOT","PC_HHDI","A","2014",6.40555612582685,
"BEL","HHSAV","TOT","PC_HHDI","A","2015",5.52605837659284,
"BEL","HHSAV","TOT","PC_HHDI","A","2016",5.41460568117549,
"BEL","HHSAV","TOT","PC_HHDI","A","2017",5.20785626174654,
"BEL","HHSAV","TOT","PC_HHDI","A","2018",4.83995242994347,
"DNK","HHSAV","TOT","PC_HHDI","A","2000",-5.69394234805096,
"DNK","HHSAV","TOT","PC_HHDI","A","2001",0.353706451643008,
"DNK","HHSAV","TOT","PC_HHDI","A","2002",1.41226024194005,
"DNK","HHSAV","TOT","PC_HHDI","A","2003",2.18458283978477,
"DNK","HHSAV","TOT","PC_HHDI","A","2004",-1.9064146898567,
"DNK","HHSAV","TOT","PC_HHDI","A","2005",-4.2727235207528,
"DNK","HHSAV","TOT","PC_HHDI","A","2006",-1.52567575825474,
"DNK","HHSAV","TOT","PC_HHDI","A","2007",-3.0338951750161,
"DNK","HHSAV","TOT","PC_HHDI","A","2008",-4.09924316599746,
"DNK","HHSAV","TOT","PC_HHDI","A","2009",0.65682460998064,
"DNK","HHSAV","TOT","PC_HHDI","A","2010",1.83706415835001,
"DNK","HHSAV","TOT","PC_HHDI","A","2011",0.79963499067298,
"DNK","HHSAV","TOT","PC_HHDI","A","2012",0.122214384216133,
"DNK","HHSAV","TOT","PC_HHDI","A","2013",2.33988684162496,
"DNK","HHSAV","TOT","PC_HHDI","A","2014",-2.89805753605089,
"DNK","HHSAV","TOT","PC_HHDI","A","2015",3.90863198381378,
"DNK","HHSAV","TOT","PC_HHDI","A","2016",4.48545560594606,
"DNK","HHSAV","TOT","PC_HHDI","A","2017",6.19794812680115,
"DNK","HHSAV","TOT","PC_HHDI","A","2018",6.57212567523975,
"FIN","HHSAV","TOT","PC_HHDI","A","2000",2.63491826528327,
"FIN","HHSAV","TOT","PC_HHDI","A","2001",1.88458520579214,
"FIN","HHSAV","TOT","PC_HHDI","A","2002",2.01310157136801,
"FIN","HHSAV","TOT","PC_HHDI","A","2003",1.52645817269365,
"FIN","HHSAV","TOT","PC_HHDI","A","2004",2.45377398402309,
"FIN","HHSAV","TOT","PC_HHDI","A","2005",0.508738620320335,
"FIN","HHSAV","TOT","PC_HHDI","A","2006",-1.02983954208501,
"FIN","HHSAV","TOT","PC_HHDI","A","2007",-0.703710270845339,
"FIN","HHSAV","TOT","PC_HHDI","A","2008",-0.40659352174961,
"FIN","HHSAV","TOT","PC_HHDI","A","2009",3.29088348741811,
"FIN","HHSAV","TOT","PC_HHDI","A","2010",3.26677347504982,
"FIN","HHSAV","TOT","PC_HHDI","A","2011",1.05282947922542,
"FIN","HHSAV","TOT","PC_HHDI","A","2012",0.35219987342817,
"FIN","HHSAV","TOT","PC_HHDI","A","2013",0.94750686696431,
"FIN","HHSAV","TOT","PC_HHDI","A","2014",-0.002659574468085,
"FIN","HHSAV","TOT","PC_HHDI","A","2015",-0.451939939101529,
"FIN","HHSAV","TOT","PC_HHDI","A","2016",-1.34741067293343,
"FIN","HHSAV","TOT","PC_HHDI","A","2017",-1.10825935120125,
"FIN","HHSAV","TOT","PC_HHDI","A","2018",-1.17933786966763,
"FRA","HHSAV","TOT","PC_HHDI","A","2000",8.67369758635164,
"FRA","HHSAV","TOT","PC_HHDI","A","2001",9.37004316562427,
"FRA","HHSAV","TOT","PC_HHDI","A","2002",10.3908705553662,
"FRA","HHSAV","TOT","PC_HHDI","A","2003",9.59870818067074,
"FRA","HHSAV","TOT","PC_HHDI","A","2004",9.64876657288932,
"FRA","HHSAV","TOT","PC_HHDI","A","2005",8.50187080402661,
"FRA","HHSAV","TOT","PC_HHDI","A","2006",9.04619142592186,
"FRA","HHSAV","TOT","PC_HHDI","A","2007",9.43227066733218,
"FRA","HHSAV","TOT","PC_HHDI","A","2008",9.25110721597067,
"FRA","HHSAV","TOT","PC_HHDI","A","2009",10.5942921936619,
"FRA","HHSAV","TOT","PC_HHDI","A","2010",10.4531314479273,
"FRA","HHSAV","TOT","PC_HHDI","A","2011",9.94334367788653,
"FRA","HHSAV","TOT","PC_HHDI","A","2012",9.99733843178511,
"FRA","HHSAV","TOT","PC_HHDI","A","2013",8.5215837152381,
"FRA","HHSAV","TOT","PC_HHDI","A","2014",8.85563975396751,
"FRA","HHSAV","TOT","PC_HHDI","A","2015",8.3280675806316,
"FRA","HHSAV","TOT","PC_HHDI","A","2016",8.18294459978975,
"FRA","HHSAV","TOT","PC_HHDI","A","2017",8.12688450032761,"E"
"FRA","HHSAV","TOT","PC_HHDI","A","2018",8.37860228544106,"E"
"DEU","HHSAV","TOT","PC_HHDI","A","2000",9.33163308160445,
"DEU","HHSAV","TOT","PC_HHDI","A","2001",9.99270669619207,
"DEU","HHSAV","TOT","PC_HHDI","A","2002",10.0837320574163,
"DEU","HHSAV","TOT","PC_HHDI","A","2003",10.5513567411565,
"DEU","HHSAV","TOT","PC_HHDI","A","2004",10.6239696490175,
"DEU","HHSAV","TOT","PC_HHDI","A","2005",10.5626193769689,
"DEU","HHSAV","TOT","PC_HHDI","A","2006",10.6363652267293,
"DEU","HHSAV","TOT","PC_HHDI","A","2007",10.6952260899198,
"DEU","HHSAV","TOT","PC_HHDI","A","2008",10.9116352710505,
"DEU","HHSAV","TOT","PC_HHDI","A","2009",10.3742511373752,
"DEU","HHSAV","TOT","PC_HHDI","A","2010",10.3066264364387,
"DEU","HHSAV","TOT","PC_HHDI","A","2011",10.0205149624097,
"DEU","HHSAV","TOT","PC_HHDI","A","2012",9.65167700195517,
"DEU","HHSAV","TOT","PC_HHDI","A","2013",9.2887985460507,
"DEU","HHSAV","TOT","PC_HHDI","A","2014",9.83605706754546,
"DEU","HHSAV","TOT","PC_HHDI","A","2015",10.0616952353047,
"DEU","HHSAV","TOT","PC_HHDI","A","2016",10.1535691665745,
"DEU","HHSAV","TOT","PC_HHDI","A","2017",10.4224644321603,
"DEU","HHSAV","TOT","PC_HHDI","A","2018",10.9533845614096,
"GRC","HHSAV","TOT","PC_HHDI","A","2000",-1.42662465293969,"E"
"GRC","HHSAV","TOT","PC_HHDI","A","2001",-1.79998028610061,"E"
"GRC","HHSAV","TOT","PC_HHDI","A","2002",-2.01106236801461,"E"
"GRC","HHSAV","TOT","PC_HHDI","A","2003",0.930502498981779,"E"
"GRC","HHSAV","TOT","PC_HHDI","A","2004",1.15478206613015,"E"
"GRC","HHSAV","TOT","PC_HHDI","A","2005",-2.86199733941397,"E"
"GRC","HHSAV","TOT","PC_HHDI","A","2006",-0.053989702565591,"E"
"GRC","HHSAV","TOT","PC_HHDI","A","2007",-1.22884233992191,"E"
"GRC","HHSAV","TOT","PC_HHDI","A","2008",-3.84109743538045,"E"
"GRC","HHSAV","TOT","PC_HHDI","A","2009",-1.1252249780706,"E"
"GRC","HHSAV","TOT","PC_HHDI","A","2010",-6.90053518319165,"E"
"GRC","HHSAV","TOT","PC_HHDI","A","2011",-8.86342819299731,"E"
"GRC","HHSAV","TOT","PC_HHDI","A","2012",-10.9164374621667,"E"
"GRC","HHSAV","TOT","PC_HHDI","A","2013",-16.3934772485513,"E"
"GRC","HHSAV","TOT","PC_HHDI","A","2014",-13.8078263751775,"E"
"GRC","HHSAV","TOT","PC_HHDI","A","2015",-15.4660959199309,"E"
"GRC","HHSAV","TOT","PC_HHDI","A","2016",-16.9969731700776,"E"
"GRC","HHSAV","TOT","PC_HHDI","A","2017",-16.9124792091076,"E"
"HUN","HHSAV","TOT","PC_HHDI","A","2000",4.5000510283026,
"HUN","HHSAV","TOT","PC_HHDI","A","2001",5.28199729076913,
"HUN","HHSAV","TOT","PC_HHDI","A","2002",2.85921589093725,
"HUN","HHSAV","TOT","PC_HHDI","A","2003",1.49872183167079,
"HUN","HHSAV","TOT","PC_HHDI","A","2004",5.73523868777425,
"HUN","HHSAV","TOT","PC_HHDI","A","2005",7.46008550515391,
"HUN","HHSAV","TOT","PC_HHDI","A","2006",8.01657902437727,
"HUN","HHSAV","TOT","PC_HHDI","A","2007",3.7407275665867,
"HUN","HHSAV","TOT","PC_HHDI","A","2008",3.28943156905877,
"HUN","HHSAV","TOT","PC_HHDI","A","2009",5.56875097862142,
"HUN","HHSAV","TOT","PC_HHDI","A","2010",5.9470945216995,
"HUN","HHSAV","TOT","PC_HHDI","A","2011",6.62322064969597,
"HUN","HHSAV","TOT","PC_HHDI","A","2012",4.96917488485138,
"HUN","HHSAV","TOT","PC_HHDI","A","2013",6.84764240745345,
"HUN","HHSAV","TOT","PC_HHDI","A","2014",7.46122207753112,
"HUN","HHSAV","TOT","PC_HHDI","A","2015",7.29216092591449,
"HUN","HHSAV","TOT","PC_HHDI","A","2016",7.02223131603299,
"HUN","HHSAV","TOT","PC_HHDI","A","2017",6.64144130289979,
"HUN","HHSAV","TOT","PC_HHDI","A","2018",6.88844883553673,
"IRL","HHSAV","TOT","PC_HHDI","A","2000",-3.89079437960575,
"IRL","HHSAV","TOT","PC_HHDI","A","2001",1.11784203670766,
"IRL","HHSAV","TOT","PC_HHDI","A","2002",-0.569490238885928,
"IRL","HHSAV","TOT","PC_HHDI","A","2003",0.20427868322344,
"IRL","HHSAV","TOT","PC_HHDI","A","2004",0.934972317618744,
"IRL","HHSAV","TOT","PC_HHDI","A","2005",1.54042793676591,
"IRL","HHSAV","TOT","PC_HHDI","A","2006",-0.689359391671044,
"IRL","HHSAV","TOT","PC_HHDI","A","2007",-0.965899056872928,
"IRL","HHSAV","TOT","PC_HHDI","A","2008",4.78027557704559,
"IRL","HHSAV","TOT","PC_HHDI","A","2009",9.59614397047095,
"IRL","HHSAV","TOT","PC_HHDI","A","2010",8.2360331980686,
"IRL","HHSAV","TOT","PC_HHDI","A","2011",4.24613310025916,
"IRL","HHSAV","TOT","PC_HHDI","A","2012",6.97571983986472,
"IRL","HHSAV","TOT","PC_HHDI","A","2013",5.22366010730674,
"IRL","HHSAV","TOT","PC_HHDI","A","2014",3.61338275166401,
"IRL","HHSAV","TOT","PC_HHDI","A","2015",4.21316865037134,
"IRL","HHSAV","TOT","PC_HHDI","A","2016",3.78789825445714,
"IRL","HHSAV","TOT","PC_HHDI","A","2017",6.6012970626266,
"ITA","HHSAV","TOT","PC_HHDI","A","2000",7.36349881537993,
"ITA","HHSAV","TOT","PC_HHDI","A","2001",8.82881688756247,
"ITA","HHSAV","TOT","PC_HHDI","A","2002",9.57198316648502,
"ITA","HHSAV","TOT","PC_HHDI","A","2003",9.07514677391575,
"ITA","HHSAV","TOT","PC_HHDI","A","2004",9.48795000924976,
"ITA","HHSAV","TOT","PC_HHDI","A","2005",8.90419966465364,
"ITA","HHSAV","TOT","PC_HHDI","A","2006",8.30486287835902,
"ITA","HHSAV","TOT","PC_HHDI","A","2007",7.81496967455893,
"ITA","HHSAV","TOT","PC_HHDI","A","2008",7.38185424655532,
"ITA","HHSAV","TOT","PC_HHDI","A","2009",6.75978520347096,
"ITA","HHSAV","TOT","PC_HHDI","A","2010",3.93452869168328,
"ITA","HHSAV","TOT","PC_HHDI","A","2011",3.40733016694293,
"ITA","HHSAV","TOT","PC_HHDI","A","2012",1.47348924580735,
"ITA","HHSAV","TOT","PC_HHDI","A","2013",3.29319594165826,
"ITA","HHSAV","TOT","PC_HHDI","A","2014",3.69116202333907,
"ITA","HHSAV","TOT","PC_HHDI","A","2015",2.88627551231221,
"ITA","HHSAV","TOT","PC_HHDI","A","2016",3.00965548052122,
"ITA","HHSAV","TOT","PC_HHDI","A","2017",2.5373522018434,
"ITA","HHSAV","TOT","PC_HHDI","A","2018",2.45136777377666,
"JPN","HHSAV","TOT","PC_HHDI","A","2000",8.85163157559952,
"JPN","HHSAV","TOT","PC_HHDI","A","2001",5.56350881046326,
"JPN","HHSAV","TOT","PC_HHDI","A","2002",4.90586540456714,
"JPN","HHSAV","TOT","PC_HHDI","A","2003",4.39627173889521,
"JPN","HHSAV","TOT","PC_HHDI","A","2004",3.76592714523481,
"JPN","HHSAV","TOT","PC_HHDI","A","2005",3.66310267334195,
"JPN","HHSAV","TOT","PC_HHDI","A","2006",2.73516651151974,
"JPN","HHSAV","TOT","PC_HHDI","A","2007",2.76125933186353,
"JPN","HHSAV","TOT","PC_HHDI","A","2008",2.74699893202305,
"JPN","HHSAV","TOT","PC_HHDI","A","2009",4.21024633903987,
"JPN","HHSAV","TOT","PC_HHDI","A","2010",3.92781598708915,
"JPN","HHSAV","TOT","PC_HHDI","A","2011",4.21211983306251,
"JPN","HHSAV","TOT","PC_HHDI","A","2012",2.93753916886101,
"JPN","HHSAV","TOT","PC_HHDI","A","2013",0.649770991139365,
"JPN","HHSAV","TOT","PC_HHDI","A","2014",0.076253978359854,
"JPN","HHSAV","TOT","PC_HHDI","A","2015",1.41680582319229,
"JPN","HHSAV","TOT","PC_HHDI","A","2016",3.10586876432637,
"JPN","HHSAV","TOT","PC_HHDI","A","2017",2.74955641167183,
"KOR","HHSAV","TOT","PC_HHDI","A","2005",6.71858529760418,
"KOR","HHSAV","TOT","PC_HHDI","A","2006",5.46954803598449,
"KOR","HHSAV","TOT","PC_HHDI","A","2007",3.54969071000345,
"KOR","HHSAV","TOT","PC_HHDI","A","2008",3.75719531448799,
"KOR","HHSAV","TOT","PC_HHDI","A","2009",4.83283828644186,
"KOR","HHSAV","TOT","PC_HHDI","A","2010",4.6627911642858,
"KOR","HHSAV","TOT","PC_HHDI","A","2011",3.86203067649061,
"KOR","HHSAV","TOT","PC_HHDI","A","2012",3.89502654378801,
"KOR","HHSAV","TOT","PC_HHDI","A","2013",5.59592539665471,
"KOR","HHSAV","TOT","PC_HHDI","A","2014",7.18013463209897,
"LUX","HHSAV","TOT","PC_HHDI","A","2000",9.32416671781966,
"LUX","HHSAV","TOT","PC_HHDI","A","2001",10.7856955393334,
"LUX","HHSAV","TOT","PC_HHDI","A","2002",11.7148963415184,
"LUX","HHSAV","TOT","PC_HHDI","A","2003",10.8946177258656,
"LUX","HHSAV","TOT","PC_HHDI","A","2004",11.5335305306731,
"LUX","HHSAV","TOT","PC_HHDI","A","2005",10.6867852813002,
"LUX","HHSAV","TOT","PC_HHDI","A","2006",9.61901080087417,
"LUX","HHSAV","TOT","PC_HHDI","A","2007",11.2494626524955,
"LUX","HHSAV","TOT","PC_HHDI","A","2008",11.5553013290397,
"LUX","HHSAV","TOT","PC_HHDI","A","2009",12.3558981463067,
"LUX","HHSAV","TOT","PC_HHDI","A","2010",15.2982405481142,
"LUX","HHSAV","TOT","PC_HHDI","A","2011",13.0540953898749,
"LUX","HHSAV","TOT","PC_HHDI","A","2012",14.448369202384,
"LUX","HHSAV","TOT","PC_HHDI","A","2013",14.5799882056881,
"LUX","HHSAV","TOT","PC_HHDI","A","2014",15.187471120206,
"LUX","HHSAV","TOT","PC_HHDI","A","2015",15.0957866910349,
"LUX","HHSAV","TOT","PC_HHDI","A","2016",13.7151040224867,
"LUX","HHSAV","TOT","PC_HHDI","A","2017",16.0958239878256,
"LUX","HHSAV","TOT","PC_HHDI","A","2018",16.0430782868648,
"MEX","HHSAV","TOT","PC_HHDI","A","2003",5.10430071252751,
"MEX","HHSAV","TOT","PC_HHDI","A","2004",5.84601226307027,
"MEX","HHSAV","TOT","PC_HHDI","A","2005",5.98181302026398,
"MEX","HHSAV","TOT","PC_HHDI","A","2006",7.75094959625711,
"MEX","HHSAV","TOT","PC_HHDI","A","2007",6.8786971318492,
"MEX","HHSAV","TOT","PC_HHDI","A","2008",7.04241188285586,
"MEX","HHSAV","TOT","PC_HHDI","A","2009",15.0696818836637,
"MEX","HHSAV","TOT","PC_HHDI","A","2010",14.5374938166612,
"MEX","HHSAV","TOT","PC_HHDI","A","2011",15.7501255601224,
"MEX","HHSAV","TOT","PC_HHDI","A","2012",14.6483893644245,
"MEX","HHSAV","TOT","PC_HHDI","A","2013",12.2289455798192,
"MEX","HHSAV","TOT","PC_HHDI","A","2014",14.0611648681146,
"MEX","HHSAV","TOT","PC_HHDI","A","2015",15.14903448176,
"MEX","HHSAV","TOT","PC_HHDI","A","2016",15.4481611725033,
"NLD","HHSAV","TOT","PC_HHDI","A","2000",4.00850647268308,
"NLD","HHSAV","TOT","PC_HHDI","A","2001",5.01587402248919,
"NLD","HHSAV","TOT","PC_HHDI","A","2002",5.13105765628725,
"NLD","HHSAV","TOT","PC_HHDI","A","2003",4.65320521885397,
"NLD","HHSAV","TOT","PC_HHDI","A","2004",4.27348863756938,
"NLD","HHSAV","TOT","PC_HHDI","A","2005",2.4885671699167,
"NLD","HHSAV","TOT","PC_HHDI","A","2006",1.79334844995319,
"NLD","HHSAV","TOT","PC_HHDI","A","2007",1.75447009659519,
"NLD","HHSAV","TOT","PC_HHDI","A","2008",3.62900332074192,
"NLD","HHSAV","TOT","PC_HHDI","A","2009",7.49273470075391,
"NLD","HHSAV","TOT","PC_HHDI","A","2010",5.74132717291145,
"NLD","HHSAV","TOT","PC_HHDI","A","2011",6.6351486098398,
"NLD","HHSAV","TOT","PC_HHDI","A","2012",8.29622497693264,
"NLD","HHSAV","TOT","PC_HHDI","A","2013",8.55213095593204,
"NLD","HHSAV","TOT","PC_HHDI","A","2014",9.86351125950637,
"NLD","HHSAV","TOT","PC_HHDI","A","2015",9.5484347853923,
"NLD","HHSAV","TOT","PC_HHDI","A","2016",10.2536142371553,
"NLD","HHSAV","TOT","PC_HHDI","A","2017",8.78682895422632,
"NLD","HHSAV","TOT","PC_HHDI","A","2018",8.3985889233163,"E"
"NZL","HHSAV","TOT","PC_HHDI","A","2000",-2.51243853472606,
"NZL","HHSAV","TOT","PC_HHDI","A","2001",-1.34470453700004,
"NZL","HHSAV","TOT","PC_HHDI","A","2002",-6.3570249287069,
"NZL","HHSAV","TOT","PC_HHDI","A","2003",-3.94935561820379,
"NZL","HHSAV","TOT","PC_HHDI","A","2004",-3.53972016920002,
"NZL","HHSAV","TOT","PC_HHDI","A","2005",-5.51188106701656,
"NZL","HHSAV","TOT","PC_HHDI","A","2006",-3.61304642703003,
"NZL","HHSAV","TOT","PC_HHDI","A","2007",0.022317069768739,
"NZL","HHSAV","TOT","PC_HHDI","A","2008",-1.86220760233918,
"NZL","HHSAV","TOT","PC_HHDI","A","2009",1.38085463705915,
"NZL","HHSAV","TOT","PC_HHDI","A","2010",1.99425384485381,
"NZL","HHSAV","TOT","PC_HHDI","A","2011",2.39967215105337,
"NZL","HHSAV","TOT","PC_HHDI","A","2012",0.838795815072678,
"NZL","HHSAV","TOT","PC_HHDI","A","2013",0.608020420308456,
"NZL","HHSAV","TOT","PC_HHDI","A","2014",-0.631374453618261,
"NZL","HHSAV","TOT","PC_HHDI","A","2015",-0.285586851022188,
"NZL","HHSAV","TOT","PC_HHDI","A","2016",0.281008170852968,
"NZL","HHSAV","TOT","PC_HHDI","A","2017",-1.38124560595408,"E"
"NOR","HHSAV","TOT","PC_HHDI","A","2000",4.30386636243746,
"NOR","HHSAV","TOT","PC_HHDI","A","2001",3.09090829908588,
"NOR","HHSAV","TOT","PC_HHDI","A","2002",8.20873540001525,
"NOR","HHSAV","TOT","PC_HHDI","A","2003",8.80146654174633,
"NOR","HHSAV","TOT","PC_HHDI","A","2004",6.93261553279852,
"NOR","HHSAV","TOT","PC_HHDI","A","2005",9.68982811510932,
"NOR","HHSAV","TOT","PC_HHDI","A","2006",-0.424791713578023,
"NOR","HHSAV","TOT","PC_HHDI","A","2007",0.939591444854844,
"NOR","HHSAV","TOT","PC_HHDI","A","2008",3.75815705001837,
"NOR","HHSAV","TOT","PC_HHDI","A","2009",5.22172757481221,
"NOR","HHSAV","TOT","PC_HHDI","A","2010",4.01956058431021,
"NOR","HHSAV","TOT","PC_HHDI","A","2011",5.87246483039183,
"NOR","HHSAV","TOT","PC_HHDI","A","2012",7.12328334524152,
"NOR","HHSAV","TOT","PC_HHDI","A","2013",7.41511614737677,
"NOR","HHSAV","TOT","PC_HHDI","A","2014",8.20688746157107,
"NOR","HHSAV","TOT","PC_HHDI","A","2015",10.3378319305022,
"NOR","HHSAV","TOT","PC_HHDI","A","2016",7.25151490477179,
"NOR","HHSAV","TOT","PC_HHDI","A","2017",6.72469422405254,
"NOR","HHSAV","TOT","PC_HHDI","A","2018",6.51500283889413,
"POL","HHSAV","TOT","PC_HHDI","A","2000",10.9560965557294,
"POL","HHSAV","TOT","PC_HHDI","A","2001",12.2828892451374,
"POL","HHSAV","TOT","PC_HHDI","A","2002",8.86840771693499,
"POL","HHSAV","TOT","PC_HHDI","A","2003",7.82068518695691,
"POL","HHSAV","TOT","PC_HHDI","A","2004",2.72931368344445,
"POL","HHSAV","TOT","PC_HHDI","A","2005",2.1655634550952,
"POL","HHSAV","TOT","PC_HHDI","A","2006",2.03169088587404,
"POL","HHSAV","TOT","PC_HHDI","A","2007",2.05095192439392,
"POL","HHSAV","TOT","PC_HHDI","A","2008",0.296018370957825,
"POL","HHSAV","TOT","PC_HHDI","A","2009",2.82077616774222,
"POL","HHSAV","TOT","PC_HHDI","A","2010",2.3821905094162,
"POL","HHSAV","TOT","PC_HHDI","A","2011",-1.08871928529967,
"POL","HHSAV","TOT","PC_HHDI","A","2012",-1.10747667793307,
"POL","HHSAV","TOT","PC_HHDI","A","2013",-0.069176237863188,
"POL","HHSAV","TOT","PC_HHDI","A","2014",-0.363107288679042,
"POL","HHSAV","TOT","PC_HHDI","A","2015",-0.444387553327462,
"POL","HHSAV","TOT","PC_HHDI","A","2016",1.46074221349435,
"POL","HHSAV","TOT","PC_HHDI","A","2017",-0.850061361586781,"E"
"PRT","HHSAV","TOT","PC_HHDI","A","2000",6.08353163473617,
"PRT","HHSAV","TOT","PC_HHDI","A","2001",6.38331816187255,
"PRT","HHSAV","TOT","PC_HHDI","A","2002",6.21946347963726,
"PRT","HHSAV","TOT","PC_HHDI","A","2003",5.61122172139326,
"PRT","HHSAV","TOT","PC_HHDI","A","2004",4.07102849512569,
"PRT","HHSAV","TOT","PC_HHDI","A","2005",2.76420371094835,
"PRT","HHSAV","TOT","PC_HHDI","A","2006",0.835053617769783,
"PRT","HHSAV","TOT","PC_HHDI","A","2007",-0.39922291804216,
"PRT","HHSAV","TOT","PC_HHDI","A","2008",-0.869490690387154,
"PRT","HHSAV","TOT","PC_HHDI","A","2009",4.06774259251874,
"PRT","HHSAV","TOT","PC_HHDI","A","2010",1.57231144372316,
"PRT","HHSAV","TOT","PC_HHDI","A","2011",0.607412319913274,
"PRT","HHSAV","TOT","PC_HHDI","A","2012",2.06846263787415,
"PRT","HHSAV","TOT","PC_HHDI","A","2013",1.64529912532667,
"PRT","HHSAV","TOT","PC_HHDI","A","2014",-1.41759032276979,
"PRT","HHSAV","TOT","PC_HHDI","A","2015",-1.19186938909014,
"PRT","HHSAV","TOT","PC_HHDI","A","2016",-1.30554464616626,
"PRT","HHSAV","TOT","PC_HHDI","A","2017",-2.24142170232875,
"PRT","HHSAV","TOT","PC_HHDI","A","2018",-2.41885605023103,"E"
"SVK","HHSAV","TOT","PC_HHDI","A","2000",5.84411451821708,
"SVK","HHSAV","TOT","PC_HHDI","A","2001",3.68590012850465,
"SVK","HHSAV","TOT","PC_HHDI","A","2002",3.35274082333334,
"SVK","HHSAV","TOT","PC_HHDI","A","2003",1.0711397256749,
"SVK","HHSAV","TOT","PC_HHDI","A","2004",0.339666445360535,
"SVK","HHSAV","TOT","PC_HHDI","A","2005",1.09533562877966,
"SVK","HHSAV","TOT","PC_HHDI","A","2006",0.132282212392577,
"SVK","HHSAV","TOT","PC_HHDI","A","2007",1.89828948366497,
"SVK","HHSAV","TOT","PC_HHDI","A","2008",0.779086992926158,
"SVK","HHSAV","TOT","PC_HHDI","A","2009",2.33288167531253,
"SVK","HHSAV","TOT","PC_HHDI","A","2010",2.36195307566244,
"SVK","HHSAV","TOT","PC_HHDI","A","2011",0.758638365796711,
"SVK","HHSAV","TOT","PC_HHDI","A","2012",0.735655010106716,
"SVK","HHSAV","TOT","PC_HHDI","A","2013",0.214354212682057,
"SVK","HHSAV","TOT","PC_HHDI","A","2014",1.44970636039411,
"SVK","HHSAV","TOT","PC_HHDI","A","2015",3.02969115768176,
"SVK","HHSAV","TOT","PC_HHDI","A","2016",2.95738886962137,
"SVK","HHSAV","TOT","PC_HHDI","A","2017",2.41325849613307,
"ESP","HHSAV","TOT","PC_HHDI","A","2000",6.5677750845465,
"ESP","HHSAV","TOT","PC_HHDI","A","2001",6.40782472754468,
"ESP","HHSAV","TOT","PC_HHDI","A","2002",6.03133164846856,
"ESP","HHSAV","TOT","PC_HHDI","A","2003",7.01937967435104,
"ESP","HHSAV","TOT","PC_HHDI","A","2004",4.99392674131714,
"ESP","HHSAV","TOT","PC_HHDI","A","2005",4.17556886611033,
"ESP","HHSAV","TOT","PC_HHDI","A","2006",2.27223701506623,
"ESP","HHSAV","TOT","PC_HHDI","A","2007",0.667466879059489,
"ESP","HHSAV","TOT","PC_HHDI","A","2008",2.96426293735245,
"ESP","HHSAV","TOT","PC_HHDI","A","2009",6.83378201135291,
"ESP","HHSAV","TOT","PC_HHDI","A","2010",4.93883285863136,
"ESP","HHSAV","TOT","PC_HHDI","A","2011",5.7836682705487,
"ESP","HHSAV","TOT","PC_HHDI","A","2012",2.09533745541326,
"ESP","HHSAV","TOT","PC_HHDI","A","2013",3.86152818739835,
"ESP","HHSAV","TOT","PC_HHDI","A","2014",2.14363402024809,
"ESP","HHSAV","TOT","PC_HHDI","A","2015",3.03265761434012,
"ESP","HHSAV","TOT","PC_HHDI","A","2016",2.82793034651365,
"ESP","HHSAV","TOT","PC_HHDI","A","2017",1.15023443386808,
"ESP","HHSAV","TOT","PC_HHDI","A","2018",1.51756391573368,
"SWE","HHSAV","TOT","PC_HHDI","A","2000",1.4016103014699,
"SWE","HHSAV","TOT","PC_HHDI","A","2001",5.80722562348469,
"SWE","HHSAV","TOT","PC_HHDI","A","2002",6.18775883376141,
"SWE","HHSAV","TOT","PC_HHDI","A","2003",5.56639053752705,
"SWE","HHSAV","TOT","PC_HHDI","A","2004",4.28163457119102,
"SWE","HHSAV","TOT","PC_HHDI","A","2005",3.61886357936019,
"SWE","HHSAV","TOT","PC_HHDI","A","2006",5.71707340673873,
"SWE","HHSAV","TOT","PC_HHDI","A","2007",8.36709855144889,
"SWE","HHSAV","TOT","PC_HHDI","A","2008",10.0350291283114,
"SWE","HHSAV","TOT","PC_HHDI","A","2009",9.17423822953096,
"SWE","HHSAV","TOT","PC_HHDI","A","2010",9.96654059946971,
"SWE","HHSAV","TOT","PC_HHDI","A","2011",10.9344135197885,
"SWE","HHSAV","TOT","PC_HHDI","A","2012",13.0442358308388,
"SWE","HHSAV","TOT","PC_HHDI","A","2013",13.3740968227345,
"SWE","HHSAV","TOT","PC_HHDI","A","2014",13.9191224846614,
"SWE","HHSAV","TOT","PC_HHDI","A","2015",12.1478013250305,
"SWE","HHSAV","TOT","PC_HHDI","A","2016",13.9108623268582,
"SWE","HHSAV","TOT","PC_HHDI","A","2017",13.3131267099678,
"SWE","HHSAV","TOT","PC_HHDI","A","2018",15.3998046184864,
"CHE","HHSAV","TOT","PC_HHDI","A","2000",13.9625867669224,
"CHE","HHSAV","TOT","PC_HHDI","A","2001",14.29888848731,
"CHE","HHSAV","TOT","PC_HHDI","A","2002",14.0189639440724,
"CHE","HHSAV","TOT","PC_HHDI","A","2003",13.2706385915327,
"CHE","HHSAV","TOT","PC_HHDI","A","2004",12.3159031071916,
"CHE","HHSAV","TOT","PC_HHDI","A","2005",12.8009269325028,
"CHE","HHSAV","TOT","PC_HHDI","A","2006",14.5166967404494,
"CHE","HHSAV","TOT","PC_HHDI","A","2007",16.0894729919198,
"CHE","HHSAV","TOT","PC_HHDI","A","2008",15.4279570777505,
"CHE","HHSAV","TOT","PC_HHDI","A","2009",15.8032555483353,
"CHE","HHSAV","TOT","PC_HHDI","A","2010",15.7130899899723,
"CHE","HHSAV","TOT","PC_HHDI","A","2011",16.772263789136,
"CHE","HHSAV","TOT","PC_HHDI","A","2012",17.3531786671616,
"CHE","HHSAV","TOT","PC_HHDI","A","2013",17.5330851804467,"E"
"CHE","HHSAV","TOT","PC_HHDI","A","2014",18.8779496050064,"E"
"CHE","HHSAV","TOT","PC_HHDI","A","2015",17.6458075902892,"E"
"CHE","HHSAV","TOT","PC_HHDI","A","2016",18.7939007406322,"E"
"GBR","HHSAV","TOT","PC_HHDI","A","2000",4.97339454327299,
"GBR","HHSAV","TOT","PC_HHDI","A","2001",4.9692412592813,
"GBR","HHSAV","TOT","PC_HHDI","A","2002",5.04823842736927,
"GBR","HHSAV","TOT","PC_HHDI","A","2003",3.68277654749496,
"GBR","HHSAV","TOT","PC_HHDI","A","2004",3.68489728548168,
"GBR","HHSAV","TOT","PC_HHDI","A","2005",3.50379645422788,
"GBR","HHSAV","TOT","PC_HHDI","A","2006",3.43133997388898,
"GBR","HHSAV","TOT","PC_HHDI","A","2007",4.95597784182788,
"GBR","HHSAV","TOT","PC_HHDI","A","2008",3.78922478356304,
"GBR","HHSAV","TOT","PC_HHDI","A","2009",6.81829403834813,
"GBR","HHSAV","TOT","PC_HHDI","A","2010",7.28077935508979,
"GBR","HHSAV","TOT","PC_HHDI","A","2011",4.89815929045773,
"GBR","HHSAV","TOT","PC_HHDI","A","2012",4.34720907412183,
"GBR","HHSAV","TOT","PC_HHDI","A","2013",3.45543685192286,
"GBR","HHSAV","TOT","PC_HHDI","A","2014",4.09581460393567,
"GBR","HHSAV","TOT","PC_HHDI","A","2015",4.72826870405074,
"GBR","HHSAV","TOT","PC_HHDI","A","2016",1.73875486181184,
"GBR","HHSAV","TOT","PC_HHDI","A","2017",-0.33298693752584,
"GBR","HHSAV","TOT","PC_HHDI","A","2018",0.366175164327589,
"USA","HHSAV","TOT","PC_HHDI","A","2000",5.03182012719838,
"USA","HHSAV","TOT","PC_HHDI","A","2001",5.25151127840679,
"USA","HHSAV","TOT","PC_HHDI","A","2002",6.06032434584051,
"USA","HHSAV","TOT","PC_HHDI","A","2003",5.7538693911771,
"USA","HHSAV","TOT","PC_HHDI","A","2004",5.34512126131198,
"USA","HHSAV","TOT","PC_HHDI","A","2005",3.2806533680427,
"USA","HHSAV","TOT","PC_HHDI","A","2006",3.99770171052199,
"USA","HHSAV","TOT","PC_HHDI","A","2007",3.87844784806828,
"USA","HHSAV","TOT","PC_HHDI","A","2008",5.17932301637567,
"USA","HHSAV","TOT","PC_HHDI","A","2009",6.34236647745621,
"USA","HHSAV","TOT","PC_HHDI","A","2010",6.78029191856323,
"USA","HHSAV","TOT","PC_HHDI","A","2011",7.39578927660217,
"USA","HHSAV","TOT","PC_HHDI","A","2012",9.14273850027293,
"USA","HHSAV","TOT","PC_HHDI","A","2013",6.6126859314405,
"USA","HHSAV","TOT","PC_HHDI","A","2014",7.58394202760525,
"USA","HHSAV","TOT","PC_HHDI","A","2015",7.82833208809945,
"USA","HHSAV","TOT","PC_HHDI","A","2016",6.91356554155118,
"USA","HHSAV","TOT","PC_HHDI","A","2017",6.89701305267433,
"CHL","HHSAV","TOT","PC_HHDI","A","2003",15.7056653351902,
"CHL","HHSAV","TOT","PC_HHDI","A","2004",11.7838086610944,
"CHL","HHSAV","TOT","PC_HHDI","A","2005",12.109403224714,
"CHL","HHSAV","TOT","PC_HHDI","A","2006",12.2397199287492,
"CHL","HHSAV","TOT","PC_HHDI","A","2007",9.36900900423482,
"CHL","HHSAV","TOT","PC_HHDI","A","2008",9.86837603355647,
"CHL","HHSAV","TOT","PC_HHDI","A","2009",11.8084789698954,
"CHL","HHSAV","TOT","PC_HHDI","A","2010",7.84271967173135,
"CHL","HHSAV","TOT","PC_HHDI","A","2011",9.30579704562849,
"CHL","HHSAV","TOT","PC_HHDI","A","2012",10.6172407333136,
"CHL","HHSAV","TOT","PC_HHDI","A","2013",10.6716076792555,
"CHL","HHSAV","TOT","PC_HHDI","A","2014",10.6336944111729,
"CHL","HHSAV","TOT","PC_HHDI","A","2015",9.59657735525853,
"CHL","HHSAV","TOT","PC_HHDI","A","2016",10.7202947636233,
"CHL","HHSAV","TOT","PC_HHDI","A","2017",10.2211459703721,
"EST","HHSAV","TOT","PC_HHDI","A","2000",1.68326635214631,
"EST","HHSAV","TOT","PC_HHDI","A","2001",-1.8631553695658,
"EST","HHSAV","TOT","PC_HHDI","A","2002",-9.49256894855038,
"EST","HHSAV","TOT","PC_HHDI","A","2003",-9.28555279222247,
"EST","HHSAV","TOT","PC_HHDI","A","2004",-9.67161038382939,
"EST","HHSAV","TOT","PC_HHDI","A","2005",-8.57157909525147,
"EST","HHSAV","TOT","PC_HHDI","A","2006",-10.8909404788711,
"EST","HHSAV","TOT","PC_HHDI","A","2007",-6.91024328890095,
"EST","HHSAV","TOT","PC_HHDI","A","2008",1.85614594208473,
"EST","HHSAV","TOT","PC_HHDI","A","2009",7.18543738246537,
"EST","HHSAV","TOT","PC_HHDI","A","2010",4.17388486608423,
"EST","HHSAV","TOT","PC_HHDI","A","2011",4.81929071606054,
"EST","HHSAV","TOT","PC_HHDI","A","2012",5.05879419952632,
"EST","HHSAV","TOT","PC_HHDI","A","2013",4.39264815614814,
"EST","HHSAV","TOT","PC_HHDI","A","2014",6.45443979115547,
"EST","HHSAV","TOT","PC_HHDI","A","2015",6.78650101330514,
"EST","HHSAV","TOT","PC_HHDI","A","2016",6.51252214358277,
"EST","HHSAV","TOT","PC_HHDI","A","2017",7.87960823667608,
"RUS","HHSAV","TOT","PC_HHDI","A","2011",4.52266809978913,
"RUS","HHSAV","TOT","PC_HHDI","A","2012",3.96517565596343,
"RUS","HHSAV","TOT","PC_HHDI","A","2013",4.24417060322623,
"RUS","HHSAV","TOT","PC_HHDI","A","2014",4.40971197413646,
"RUS","HHSAV","TOT","PC_HHDI","A","2015",7.65852947882314,
"SVN","HHSAV","TOT","PC_HHDI","A","2000",6.85664354682776,
"SVN","HHSAV","TOT","PC_HHDI","A","2001",8.16574820634394,
"SVN","HHSAV","TOT","PC_HHDI","A","2002",8.90194774360181,
"SVN","HHSAV","TOT","PC_HHDI","A","2003",6.23749126136023,
"SVN","HHSAV","TOT","PC_HHDI","A","2004",6.77230791607213,
"SVN","HHSAV","TOT","PC_HHDI","A","2005",9.27180754382978,
"SVN","HHSAV","TOT","PC_HHDI","A","2006",10.5593184802394,
"SVN","HHSAV","TOT","PC_HHDI","A","2007",8.85341200169744,
"SVN","HHSAV","TOT","PC_HHDI","A","2008",8.51717385501728,
"SVN","HHSAV","TOT","PC_HHDI","A","2009",5.99124543620496,
"SVN","HHSAV","TOT","PC_HHDI","A","2010",4.3758551164644,
"SVN","HHSAV","TOT","PC_HHDI","A","2011",2.95798454790414,
"SVN","HHSAV","TOT","PC_HHDI","A","2012",0.023793853126685,
"SVN","HHSAV","TOT","PC_HHDI","A","2013",2.41893499482018,
"SVN","HHSAV","TOT","PC_HHDI","A","2014",2.41724796185144,
"SVN","HHSAV","TOT","PC_HHDI","A","2015",2.78871930613699,
"SVN","HHSAV","TOT","PC_HHDI","A","2016",3.37277780688845,
"SVN","HHSAV","TOT","PC_HHDI","A","2017",4.56281170591278,
"SVN","HHSAV","TOT","PC_HHDI","A","2018",4.99542906068984,
"ZAF","HHSAV","TOT","PC_HHDI","A","2000",1.94814576451505,
"ZAF","HHSAV","TOT","PC_HHDI","A","2001",1.4184269635983,
"ZAF","HHSAV","TOT","PC_HHDI","A","2002",1.57120373363773,
"ZAF","HHSAV","TOT","PC_HHDI","A","2003",1.05502393523928,
"ZAF","HHSAV","TOT","PC_HHDI","A","2004",0.920046116186326,
"ZAF","HHSAV","TOT","PC_HHDI","A","2005",0.494941372024891,
"ZAF","HHSAV","TOT","PC_HHDI","A","2006",-1.74284671820058,
"ZAF","HHSAV","TOT","PC_HHDI","A","2007",-2.26747482138619,
"ZAF","HHSAV","TOT","PC_HHDI","A","2008",-1.07652781213833,
"ZAF","HHSAV","TOT","PC_HHDI","A","2009",-0.52767515743353,
"ZAF","HHSAV","TOT","PC_HHDI","A","2010",-0.833831129105261,
"ZAF","HHSAV","TOT","PC_HHDI","A","2011",-1.27315936526715,
"ZAF","HHSAV","TOT","PC_HHDI","A","2012",-1.98956403615799,
"ZAF","HHSAV","TOT","PC_HHDI","A","2013",-2.30507645343983,
"ZAF","HHSAV","TOT","PC_HHDI","A","2014",-2.03683304030104,
"ZAF","HHSAV","TOT","PC_HHDI","A","2015",-1.39619238296222,
"ZAF","HHSAV","TOT","PC_HHDI","A","2016",-0.205639708334024,
"ZAF","HHSAV","TOT","PC_HHDI","A","2017",0.256972108880031,
"EA","HHSAV","TOT","PC_HHDI","A","2000",7.08505408972675,
"EA","HHSAV","TOT","PC_HHDI","A","2001",7.82181091771557,
"EA","HHSAV","TOT","PC_HHDI","A","2002",8.10660756059797,
"EA","HHSAV","TOT","PC_HHDI","A","2003",8.12056629683845,
"EA","HHSAV","TOT","PC_HHDI","A","2004",7.92285549397873,
"EA","HHSAV","TOT","PC_HHDI","A","2005",6.9037977782664,
"EA","HHSAV","TOT","PC_HHDI","A","2006",6.57155005431902,
"EA","HHSAV","TOT","PC_HHDI","A","2007",6.28447309141668,
"EA","HHSAV","TOT","PC_HHDI","A","2008",6.54931507566258,
"EA","HHSAV","TOT","PC_HHDI","A","2009",7.78614375453972,
"EA","HHSAV","TOT","PC_HHDI","A","2010",6.44923221895561,
"EA","HHSAV","TOT","PC_HHDI","A","2011",5.97357575567106,
"EA","HHSAV","TOT","PC_HHDI","A","2012",5.61697520802909,
"EA","HHSAV","TOT","PC_HHDI","A","2013",5.67726225039078,
"EA","HHSAV","TOT","PC_HHDI","A","2014",5.92202997833261,
"EA","HHSAV","TOT","PC_HHDI","A","2015",5.49114596061451,
"EA","HHSAV","TOT","PC_HHDI","A","2016",5.3323504081791,
"EA","HHSAV","TOT","PC_HHDI","A","2017",4.9327612891302,
"EA","HHSAV","TOT","PC_HHDI","A","2018",5.10388037202639,
"EU","HHSAV","TOT","PC_HHDI","A","2000",6.57882566503267,
"EU","HHSAV","TOT","PC_HHDI","A","2001",7.02395356483536,
"EU","HHSAV","TOT","PC_HHDI","A","2002",7.04456468900966,
"EU","HHSAV","TOT","PC_HHDI","A","2003",6.75957531556496,
"EU","HHSAV","TOT","PC_HHDI","A","2004",6.27871172689757,
"EU","HHSAV","TOT","PC_HHDI","A","2005",5.71053640278077,
"EU","HHSAV","TOT","PC_HHDI","A","2006",5.20718255043975,
"EU","HHSAV","TOT","PC_HHDI","A","2007",4.94285373090251,
"EU","HHSAV","TOT","PC_HHDI","A","2008",5.13267072381115,
"EU","HHSAV","TOT","PC_HHDI","A","2009",7.02416582951511,
"EU","HHSAV","TOT","PC_HHDI","A","2010",6.14004106449511,
"EU","HHSAV","TOT","PC_HHDI","A","2011",5.24730396860935,
"EU","HHSAV","TOT","PC_HHDI","A","2012",4.94654750603035,
"EU","HHSAV","TOT","PC_HHDI","A","2013",4.8829655388198,
"EU","HHSAV","TOT","PC_HHDI","A","2014",4.70773933471958,
"EU","HHSAV","TOT","PC_HHDI","A","2015",4.64859871637231,
"EU","HHSAV","TOT","PC_HHDI","A","2016",4.40983857666535,
"EU","HHSAV","TOT","PC_HHDI","A","2017",3.1164994916046,
"EU","HHSAV","TOT","PC_HHDI","A","2018",3.69999903391363,
"CAN","HHSAV","TOT","PC_HHDI","A","2000",5.30175281958845,
"CAN","HHSAV","TOT","PC_HHDI","A","2001",4.85747111072921,
"CAN","HHSAV","TOT","PC_HHDI","A","2002",3.00436646590786,
"CAN","HHSAV","TOT","PC_HHDI","A","2003",1.98271005859418,
"CAN","HHSAV","TOT","PC_HHDI","A","2004",2.57421812874469,
"CAN","HHSAV","TOT","PC_HHDI","A","2005",1.46642470207319,
"CAN","HHSAV","TOT","PC_HHDI","A","2006",2.6013600974926,
"CAN","HHSAV","TOT","PC_HHDI","A","2007",2.1549612734548,
"CAN","HHSAV","TOT","PC_HHDI","A","2008",3.35355154511967,
"CAN","HHSAV","TOT","PC_HHDI","A","2009",4.65968626870519,
"CAN","HHSAV","TOT","PC_HHDI","A","2010",4.39100283372001,
"CAN","HHSAV","TOT","PC_HHDI","A","2011",4.27452606924147,
"CAN","HHSAV","TOT","PC_HHDI","A","2012",4.82334830370556,
"CAN","HHSAV","TOT","PC_HHDI","A","2013",5.25903079094569,
"CAN","HHSAV","TOT","PC_HHDI","A","2014",3.57004898378149,
"CAN","HHSAV","TOT","PC_HHDI","A","2015",4.15497696792876,
"CAN","HHSAV","TOT","PC_HHDI","A","2016",1.28487048353276,
"CAN","HHSAV","TOT","PC_HHDI","A","2017",1.77159381775754,
"CAN","HHSAV","TOT","PC_HHDI","A","2018",1.68549386587524,
"CHN","HHSAV","TOT","PC_HHDI","A","2000",28.2456073083828,
"CHN","HHSAV","TOT","PC_HHDI","A","2001",28.0082877446113,
"CHN","HHSAV","TOT","PC_HHDI","A","2002",27.2146189824983,
"CHN","HHSAV","TOT","PC_HHDI","A","2003",30.2187064079566,
"CHN","HHSAV","TOT","PC_HHDI","A","2004",30.5700125622451,
"CHN","HHSAV","TOT","PC_HHDI","A","2005",31.5084287342249,
"CHN","HHSAV","TOT","PC_HHDI","A","2006",34.3451520456516,
"CHN","HHSAV","TOT","PC_HHDI","A","2007",35.7964301024393,
"CHN","HHSAV","TOT","PC_HHDI","A","2008",37.316817918198,
"CHN","HHSAV","TOT","PC_HHDI","A","2009",37.8367418867531,
"CHN","HHSAV","TOT","PC_HHDI","A","2010",38.9861284227165,
"CHN","HHSAV","TOT","PC_HHDI","A","2011",38.1006940152768,
"CHN","HHSAV","TOT","PC_HHDI","A","2012",38.1105959589031,
"CHN","HHSAV","TOT","PC_HHDI","A","2013",38.4612785139198,
"CHN","HHSAV","TOT","PC_HHDI","A","2014",37.986747916121,
"CHN","HHSAV","TOT","PC_HHDI","A","2015",37.065376900555,
"CHN","HHSAV","TOT","PC_HHDI","A","2016",36.1434354731471,
"LVA","HHSAV","TOT","PC_HHDI","A","2000",-9.78835130528025,
"LVA","HHSAV","TOT","PC_HHDI","A","2001",-9.99056470818673,
"LVA","HHSAV","TOT","PC_HHDI","A","2002",-9.37375178952151,
"LVA","HHSAV","TOT","PC_HHDI","A","2003",-7.32019677891182,
"LVA","HHSAV","TOT","PC_HHDI","A","2004",-7.92774335749574,
"LVA","HHSAV","TOT","PC_HHDI","A","2005",-6.89161870393277,
"LVA","HHSAV","TOT","PC_HHDI","A","2006",-12.046147996894,
"LVA","HHSAV","TOT","PC_HHDI","A","2007",-11.3240626775835,
"LVA","HHSAV","TOT","PC_HHDI","A","2008",2.82438687097657,
"LVA","HHSAV","TOT","PC_HHDI","A","2009",5.97023729103988,
"LVA","HHSAV","TOT","PC_HHDI","A","2010",-2.35742554947956,
"LVA","HHSAV","TOT","PC_HHDI","A","2011",-16.1973239552403,
"LVA","HHSAV","TOT","PC_HHDI","A","2012",-15.6529957470524,
"LVA","HHSAV","TOT","PC_HHDI","A","2013",-16.5186150106018,
"LVA","HHSAV","TOT","PC_HHDI","A","2014",-13.6822852840429,
"LVA","HHSAV","TOT","PC_HHDI","A","2015",-8.8583448400192,
"LVA","HHSAV","TOT","PC_HHDI","A","2016",-5.01169826385738,
"LVA","HHSAV","TOT","PC_HHDI","A","2017",-5.10342851597946,
"LVA","HHSAV","TOT","PC_HHDI","A","2018",-2.58738582118999,
"CRI","HHSAV","TOT","PC_HHDI","A","2012",0.928948497921985,
"CRI","HHSAV","TOT","PC_HHDI","A","2013",1.60581298931198,
"CRI","HHSAV","TOT","PC_HHDI","A","2014",0.739921118518307,
"CRI","HHSAV","TOT","PC_HHDI","A","2015",1.7223990365087,
"CRI","HHSAV","TOT","PC_HHDI","A","2016",4.61257731128365,
"LTU","HHSAV","TOT","PC_HHDI","A","2004",3.70680304430712,
"LTU","HHSAV","TOT","PC_HHDI","A","2005",-0.189790576698248,
"LTU","HHSAV","TOT","PC_HHDI","A","2006",1.09207791410263,
"LTU","HHSAV","TOT","PC_HHDI","A","2007",-8.78277877534951,
"LTU","HHSAV","TOT","PC_HHDI","A","2008",-4.73920023608058,
"LTU","HHSAV","TOT","PC_HHDI","A","2009",1.14417147701821,
"LTU","HHSAV","TOT","PC_HHDI","A","2010",4.79579028748759,"B"
"LTU","HHSAV","TOT","PC_HHDI","A","2011",0.98762905702854,
"LTU","HHSAV","TOT","PC_HHDI","A","2012",-0.686742840433655,
"LTU","HHSAV","TOT","PC_HHDI","A","2013",-1.3377078413734,
"LTU","HHSAV","TOT","PC_HHDI","A","2014",-3.54988786766605,
"LTU","HHSAV","TOT","PC_HHDI","A","2015",-3.42907118763097,
"LTU","HHSAV","TOT","PC_HHDI","A","2016",-0.822372608549303,
"LTU","HHSAV","TOT","PC_HHDI","A","2017",-3.56776386097856,
"LTU","HHSAV","TOT","PC_HHDI","A","2018",-5.06777301118466,
